loan_amnt,term,int_rate,installment,emp_length,annual_inc,dti,fico_range_low,fico_range_high,mths_since_last_delinq,mths_since_last_record,last_fico_range_high,last_fico_range_low,earliest_cr_line_age,TotalGain,LoanStatus,LifeOfLoan,PvGain,home_ownership_MORTGAGE,home_ownership_NONE,home_ownership_OWN,home_ownership_RENT,verification_status_Not Verified,purpose_car,purpose_credit_card,purpose_debt_consolidation,purpose_educational,purpose_home_improvement,purpose_house,purpose_major_purchase,purpose_medical,purpose_moving,purpose_other,purpose_small_business,purpose_vacation,purpose_wedding,initial_list_status_f,application_type_Individual,disbursement_method_Cash,sub_grade
7500.0,36.0,13.75,255.43,1.0,22000.0,14.29,660.0,664.0,11.0,0.0,679.0,675.0,44.0,1695.26,0.0,36.0,328.3517135266016,0.0,0.0,1.0,0.0,1.0,0.0,0.0,1.0,0.0,0.0,0.0,0.0,0.0,0.0,0.0,0.0,0.0,0.0,1.0,1.0,1.0,22
5000.0,36.0,9.01,159.03,1.0,73000.0,9.96,720.0,724.0,0.0,0.0,764.0,760.0,102.0,725.02,0.0,36.0,140.4277570054485,0.0,0.0,0.0,1.0,1.0,0.0,1.0,0.0,0.0,0.0,0.0,0.0,0.0,0.0,0.0,0.0,0.0,0.0,1.0,1.0,1.0,7
5000.0,36.0,7.43,155.38,1.0,200000.0,3.72,810.0,814.0,0.0,0.0,814.0,810.0,224.0,174.2,0.0,6.0,122.63720076952062,1.0,0.0,0.0,0.0,1.0,0.0,0.0,0.0,0.0,0.0,0.0,0.0,0.0,0.0,1.0,0.0,0.0,0.0,1.0,1.0,1.0,2
5000.0,36.0,8.07,156.84,1.0,100000.0,2.3,740.0,744.0,0.0,0.0,744.0,740.0,105.0,272.16,0.0,9.0,158.816158379101,1.0,0.0,0.0,0.0,1.0,0.0,0.0,1.0,0.0,0.0,0.0,0.0,0.0,0.0,0.0,0.0,0.0,0.0,1.0,1.0,1.0,4
8500.0,36.0,10.28,275.38,3.0,18000.0,6.4,690.0,694.0,5.0,0.0,639.0,635.0,247.0,1413.49,0.0,36.0,273.7762134142939,0.0,0.0,0.0,1.0,1.0,0.0,1.0,0.0,0.0,0.0,0.0,0.0,0.0,0.0,0.0,0.0,0.0,0.0,1.0,1.0,1.0,11
2500.0,36.0,8.07,78.42,4.0,110000.0,11.33,760.0,764.0,0.0,0.0,809.0,805.0,200.0,322.97,0.0,36.0,62.55545044281496,1.0,0.0,0.0,0.0,1.0,0.0,0.0,0.0,0.0,1.0,0.0,0.0,0.0,0.0,0.0,0.0,0.0,0.0,1.0,1.0,1.0,4
5000.0,36.0,8.7,158.3,5.0,75000.0,15.55,755.0,759.0,0.0,0.0,554.0,550.0,158.0,698.6,0.0,36.0,135.31051701195324,1.0,0.0,0.0,0.0,1.0,0.0,1.0,0.0,0.0,0.0,0.0,0.0,0.0,0.0,0.0,0.0,0.0,0.0,1.0,1.0,1.0,6
5000.0,36.0,7.43,155.38,1.0,85000.0,0.31,785.0,789.0,0.0,0.0,789.0,785.0,117.0,593.63,0.0,36.0,114.97907559949302,0.0,0.0,1.0,0.0,1.0,0.0,1.0,0.0,0.0,0.0,0.0,0.0,0.0,0.0,0.0,0.0,0.0,0.0,1.0,1.0,1.0,2
5000.0,36.0,11.22,164.23,1.0,80000.0,1.21,670.0,674.0,0.0,44.0,674.0,670.0,132.0,912.05,0.0,36.0,176.6532451198853,0.0,0.0,1.0,0.0,1.0,0.0,1.0,0.0,0.0,0.0,0.0,0.0,0.0,0.0,0.0,0.0,0.0,0.0,1.0,1.0,1.0,14
5000.0,36.0,9.96,161.25,4.0,48000.0,8.03,705.0,709.0,0.0,0.0,724.0,720.0,143.0,804.73,0.0,36.0,155.8666366376026,1.0,0.0,0.0,0.0,1.0,0.0,0.0,1.0,0.0,0.0,0.0,0.0,0.0,0.0,0.0,0.0,0.0,0.0,1.0,1.0,1.0,10
5000.0,36.0,9.33,159.77,2.0,180000.0,11.93,715.0,719.0,0.0,0.0,719.0,715.0,149.0,751.53,0.0,36.0,145.56242892927742,1.0,0.0,0.0,0.0,1.0,0.0,0.0,0.0,0.0,1.0,0.0,0.0,0.0,0.0,0.0,0.0,0.0,0.0,1.0,1.0,1.0,8
5000.0,36.0,8.07,156.84,1.0,180000.0,5.55,740.0,744.0,0.0,0.0,744.0,740.0,133.0,645.96,0.0,36.0,125.11477464792628,1.0,0.0,0.0,0.0,1.0,0.0,0.0,0.0,0.0,1.0,0.0,0.0,0.0,0.0,0.0,0.0,0.0,0.0,1.0,1.0,1.0,4
3000.0,36.0,8.7,94.98,1.0,25000.0,14.54,750.0,754.0,0.0,0.0,724.0,720.0,82.0,419.14,0.0,36.0,81.18243644487559,1.0,0.0,0.0,0.0,1.0,0.0,0.0,0.0,0.0,0.0,0.0,0.0,0.0,0.0,0.0,1.0,0.0,0.0,1.0,1.0,1.0,6
10000.0,36.0,10.28,323.98,1.0,27376.0,10.7,710.0,714.0,0.0,0.0,684.0,680.0,46.0,1662.89,0.0,36.0,322.08202924993816,0.0,0.0,0.0,1.0,1.0,0.0,0.0,0.0,0.0,0.0,0.0,0.0,0.0,0.0,0.0,1.0,0.0,0.0,1.0,1.0,1.0,11
3000.0,36.0,10.28,97.2,2.0,200000.0,0.0,675.0,679.0,19.0,0.0,819.0,815.0,125.0,498.86,0.0,36.0,96.62325295817776,1.0,0.0,0.0,0.0,1.0,0.0,0.0,0.0,0.0,1.0,0.0,0.0,0.0,0.0,0.0,0.0,0.0,0.0,1.0,1.0,1.0,11
5000.0,36.0,11.22,164.23,1.0,30000.0,18.64,700.0,704.0,0.0,0.0,719.0,715.0,171.0,912.05,0.0,36.0,176.6532451198853,0.0,0.0,1.0,0.0,1.0,0.0,1.0,0.0,0.0,0.0,0.0,0.0,0.0,0.0,0.0,0.0,0.0,0.0,1.0,1.0,1.0,14
5300.0,36.0,8.38,167.02,7.0,74000.0,14.37,795.0,799.0,0.0,0.0,694.0,690.0,185.0,712.56,0.0,36.0,138.01440309481444,1.0,0.0,0.0,0.0,1.0,0.0,1.0,0.0,0.0,0.0,0.0,0.0,0.0,0.0,0.0,0.0,0.0,0.0,1.0,1.0,1.0,5
5400.0,36.0,7.75,168.6,1.0,8000.0,3.0,760.0,764.0,0.0,0.0,719.0,715.0,220.0,669.34,0.0,36.0,129.64320277237442,0.0,0.0,0.0,1.0,1.0,0.0,0.0,0.0,1.0,0.0,0.0,0.0,0.0,0.0,0.0,0.0,0.0,0.0,1.0,1.0,1.0,3
5100.0,36.0,8.38,160.72,4.0,32000.0,14.78,770.0,774.0,0.0,0.0,774.0,770.0,145.0,679.03,0.0,33.0,143.1469965474289,0.0,0.0,0.0,1.0,1.0,0.0,0.0,0.0,0.0,0.0,0.0,0.0,0.0,0.0,0.0,0.0,1.0,0.0,1.0,1.0,1.0,5
25000.0,36.0,10.59,813.65,2.0,48000.0,4.05,760.0,764.0,0.0,0.0,754.0,750.0,90.0,4269.96,0.0,35.0,850.1166032986425,0.0,0.0,0.0,1.0,1.0,0.0,0.0,0.0,0.0,0.0,0.0,0.0,0.0,0.0,0.0,1.0,0.0,0.0,1.0,1.0,1.0,12
5000.0,36.0,7.43,155.38,8.0,120000.0,2.29,775.0,779.0,0.0,0.0,774.0,770.0,117.0,593.63,0.0,36.0,114.97907559949302,1.0,0.0,0.0,0.0,1.0,0.0,0.0,1.0,0.0,0.0,0.0,0.0,0.0,0.0,0.0,0.0,0.0,0.0,1.0,1.0,1.0,2
5000.0,36.0,7.43,155.38,7.0,95000.0,3.83,770.0,774.0,0.0,0.0,774.0,770.0,84.0,593.63,0.0,36.0,114.97907559949302,1.0,0.0,0.0,0.0,1.0,0.0,0.0,0.0,0.0,0.0,0.0,0.0,0.0,0.0,0.0,0.0,1.0,0.0,1.0,1.0,1.0,2
5000.0,36.0,7.43,155.38,8.0,150000.0,0.0,775.0,779.0,0.0,0.0,779.0,775.0,235.0,174.19,0.0,6.0,122.63016074651432,1.0,0.0,0.0,0.0,1.0,0.0,0.0,0.0,0.0,1.0,0.0,0.0,0.0,0.0,0.0,0.0,0.0,0.0,1.0,1.0,1.0,2
3500.0,36.0,9.96,112.87,1.0,13500.0,16.44,710.0,714.0,0.0,0.0,679.0,675.0,55.0,442.01,0.0,20.0,147.614836731274,0.0,0.0,0.0,1.0,1.0,0.0,0.0,0.0,1.0,0.0,0.0,0.0,0.0,0.0,0.0,0.0,0.0,0.0,1.0,1.0,1.0,10
5000.0,36.0,9.01,159.03,1.0,250000.0,10.0,710.0,714.0,5.0,4.016460905349795,749.0,745.0,51.0,725.02,0.0,36.0,140.4277570054485,1.0,0.0,0.0,0.0,1.0,0.0,0.0,0.0,0.0,0.0,0.0,0.0,0.0,0.0,1.0,0.0,0.0,0.0,1.0,1.0,1.0,7
2700.0,36.0,15.96,94.88,1.0,52200.0,12.57,625.0,629.0,0.0,0.0,679.0,675.0,47.0,715.39,0.0,36.0,138.5625404597498,0.0,0.0,0.0,1.0,1.0,0.0,0.0,1.0,0.0,0.0,0.0,0.0,0.0,0.0,0.0,0.0,0.0,0.0,1.0,1.0,1.0,29
12250.0,36.0,10.59,398.69,3.0,60000.0,17.12,745.0,749.0,19.0,0.0,749.0,745.0,461.0,878.88,0.0,9.0,512.8613509561445,0.0,0.0,0.0,1.0,1.0,0.0,0.0,0.0,0.0,0.0,0.0,0.0,0.0,0.0,0.0,1.0,0.0,0.0,1.0,1.0,1.0,12
1200.0,36.0,11.54,39.6,1.0,20000.0,2.04,660.0,664.0,24.0,0.0,629.0,625.0,38.0,225.37,0.0,36.0,43.65149043656443,0.0,0.0,0.0,1.0,1.0,0.0,1.0,0.0,0.0,0.0,0.0,0.0,0.0,0.0,0.0,0.0,0.0,0.0,1.0,1.0,1.0,15
5000.0,36.0,7.43,155.38,6.0,40000.0,2.55,770.0,774.0,0.0,0.0,719.0,715.0,269.0,593.64,0.0,37.0,111.93582508038024,0.0,0.0,0.0,1.0,1.0,1.0,0.0,0.0,0.0,0.0,0.0,0.0,0.0,0.0,0.0,0.0,0.0,0.0,1.0,1.0,1.0,2
5750.0,36.0,7.43,178.69,10.0,125000.0,0.27,790.0,794.0,0.0,0.0,799.0,795.0,246.0,671.74,0.0,34.0,137.56721216777987,1.0,0.0,0.0,0.0,1.0,0.0,0.0,1.0,0.0,0.0,0.0,0.0,0.0,0.0,0.0,0.0,0.0,0.0,1.0,1.0,1.0,2
3500.0,36.0,10.28,113.39,1.0,20000.0,1.5,680.0,684.0,0.0,0.0,829.0,825.0,46.0,582.16,0.0,38.0,106.93353647024563,0.0,0.0,0.0,1.0,1.0,0.0,0.0,0.0,0.0,0.0,0.0,0.0,0.0,1.0,0.0,0.0,0.0,0.0,1.0,1.0,1.0,11
18500.0,36.0,15.33,644.3,1.0,90000.0,5.24,660.0,664.0,0.0,0.0,714.0,710.0,58.0,1542.61,0.0,8.0,956.5146010666714,0.0,0.0,0.0,1.0,1.0,0.0,1.0,0.0,0.0,0.0,0.0,0.0,0.0,0.0,0.0,0.0,0.0,0.0,1.0,1.0,1.0,27
4000.0,36.0,7.75,124.89,1.0,61800.0,3.46,745.0,749.0,0.0,0.0,584.0,580.0,83.0,495.84,0.0,37.0,93.4948108413445,0.0,0.0,1.0,0.0,1.0,0.0,0.0,0.0,0.0,0.0,0.0,0.0,0.0,0.0,1.0,0.0,0.0,0.0,1.0,1.0,1.0,3
12750.0,36.0,15.33,444.05,1.0,60000.0,19.52,665.0,669.0,0.0,0.0,669.0,665.0,89.0,1063.15,0.0,8.0,659.2194385645314,0.0,0.0,0.0,1.0,1.0,0.0,1.0,0.0,0.0,0.0,0.0,0.0,0.0,0.0,0.0,0.0,0.0,0.0,1.0,1.0,1.0,27
5400.0,36.0,12.17,179.8,1.0,35000.0,7.1,660.0,664.0,42.0,0.0,664.0,660.0,97.0,1046.05,0.0,32.0,227.1745036353879,1.0,0.0,0.0,0.0,1.0,0.0,0.0,1.0,0.0,0.0,0.0,0.0,0.0,0.0,0.0,0.0,0.0,0.0,1.0,1.0,1.0,17
3000.0,36.0,8.7,94.98,5.0,62000.0,12.23,735.0,739.0,0.0,0.0,794.0,790.0,90.0,158.89,0.0,9.0,92.71861921243152,1.0,0.0,0.0,0.0,1.0,0.0,0.0,0.0,0.0,1.0,0.0,0.0,0.0,0.0,0.0,0.0,0.0,0.0,1.0,1.0,1.0,6
4000.0,36.0,9.64,128.41,1.0,100000.0,15.0,720.0,724.0,11.87295081967213,4.016460905349795,724.0,720.0,99.0,622.49,0.0,37.0,117.37573572246804,0.0,1.0,0.0,0.0,1.0,0.0,0.0,0.0,0.0,0.0,0.0,0.0,0.0,0.0,1.0,0.0,0.0,0.0,1.0,1.0,1.0,9
2800.0,36.0,8.7,88.65,1.0,120000.0,15.0,740.0,744.0,11.87295081967213,4.016460905349795,744.0,740.0,99.0,391.22,0.0,37.0,73.7678281246991,0.0,1.0,0.0,0.0,1.0,0.0,0.0,0.0,0.0,0.0,0.0,0.0,0.0,0.0,1.0,0.0,0.0,0.0,1.0,1.0,1.0,6
3000.0,36.0,7.75,93.67,9.0,50000.0,5.35,760.0,764.0,0.0,0.0,764.0,760.0,275.0,125.44,0.0,8.0,77.78063901945617,0.0,0.0,1.0,0.0,1.0,0.0,0.0,0.0,0.0,0.0,0.0,0.0,0.0,0.0,0.0,0.0,1.0,0.0,1.0,1.0,1.0,3
3000.0,36.0,7.75,93.67,10.0,125000.0,2.14,760.0,764.0,0.0,0.0,764.0,760.0,275.0,125.46,0.0,8.0,77.79304026929984,0.0,0.0,1.0,0.0,1.0,0.0,0.0,0.0,0.0,1.0,0.0,0.0,0.0,0.0,0.0,0.0,0.0,0.0,1.0,1.0,1.0,3
4000.0,36.0,10.91,130.79,1.0,18000.0,18.0,705.0,709.0,0.0,0.0,654.0,650.0,72.0,708.07,0.0,36.0,137.14474345928102,0.0,0.0,0.0,1.0,1.0,1.0,0.0,0.0,0.0,0.0,0.0,0.0,0.0,0.0,0.0,0.0,0.0,0.0,1.0,1.0,1.0,13
2000.0,36.0,8.7,63.32,1.0,70000.0,6.07,710.0,714.0,24.0,0.0,789.0,785.0,84.0,279.43,0.0,36.0,54.12226992363311,0.0,0.0,0.0,1.0,1.0,0.0,1.0,0.0,0.0,0.0,0.0,0.0,0.0,0.0,0.0,0.0,0.0,0.0,1.0,1.0,1.0,6
4000.0,36.0,7.43,124.31,1.0,40000.0,3.45,770.0,774.0,0.0,0.0,699.0,695.0,57.0,474.38,0.0,36.0,91.8817679074297,0.0,0.0,0.0,1.0,1.0,0.0,0.0,0.0,1.0,0.0,0.0,0.0,0.0,0.0,0.0,0.0,0.0,0.0,1.0,1.0,1.0,2
8000.0,36.0,9.96,257.99,3.0,48000.0,15.13,720.0,724.0,0.0,0.0,679.0,675.0,87.0,1199.51,0.0,33.0,252.8699082936048,0.0,0.0,0.0,1.0,1.0,0.0,0.0,1.0,0.0,0.0,0.0,0.0,0.0,0.0,0.0,0.0,0.0,0.0,1.0,1.0,1.0,10
7500.0,36.0,8.07,235.25,1.0,150000.0,2.72,755.0,759.0,0.0,0.0,759.0,755.0,171.0,326.51,0.0,7.0,215.5238057636335,1.0,0.0,0.0,0.0,1.0,0.0,0.0,0.0,0.0,1.0,0.0,0.0,0.0,0.0,0.0,0.0,0.0,0.0,1.0,1.0,1.0,4
5000.0,36.0,7.43,155.38,1.0,70000.0,4.56,810.0,814.0,0.0,0.0,814.0,810.0,323.0,495.83,0.0,22.0,152.4530605083244,1.0,0.0,0.0,0.0,1.0,0.0,1.0,0.0,0.0,0.0,0.0,0.0,0.0,0.0,0.0,0.0,0.0,0.0,1.0,1.0,1.0,2
5000.0,36.0,7.75,156.11,1.0,225000.0,6.48,750.0,754.0,47.0,0.0,739.0,735.0,176.0,592.07,0.0,29.0,141.27807762698973,1.0,0.0,0.0,0.0,1.0,0.0,0.0,0.0,0.0,1.0,0.0,0.0,0.0,0.0,0.0,0.0,0.0,0.0,1.0,1.0,1.0,3
10000.0,36.0,13.75,340.57,1.0,35000.0,17.38,705.0,709.0,44.0,0.0,699.0,695.0,89.0,2260.31,0.0,36.0,437.795182804592,0.0,0.0,0.0,1.0,1.0,0.0,0.0,1.0,0.0,0.0,0.0,0.0,0.0,0.0,0.0,0.0,0.0,0.0,1.0,1.0,1.0,22
5000.0,36.0,9.64,160.51,3.0,130000.0,8.55,710.0,714.0,38.0,0.0,769.0,765.0,196.0,778.09,0.0,36.0,150.70678525884725,1.0,0.0,0.0,0.0,1.0,0.0,0.0,1.0,0.0,0.0,0.0,0.0,0.0,0.0,0.0,0.0,0.0,0.0,1.0,1.0,1.0,9
5000.0,36.0,7.43,155.38,4.0,200000.0,0.28,770.0,774.0,0.0,0.0,774.0,770.0,149.0,174.19,0.0,7.0,114.97991401784725,0.0,0.0,0.0,1.0,1.0,0.0,0.0,0.0,0.0,0.0,1.0,0.0,0.0,0.0,0.0,0.0,0.0,0.0,1.0,1.0,1.0,2
3500.0,36.0,9.96,112.87,1.0,78000.0,11.06,700.0,704.0,5.0,0.0,759.0,755.0,165.0,563.32,0.0,36.0,109.10838883935511,0.0,0.0,0.0,1.0,1.0,0.0,0.0,0.0,0.0,0.0,0.0,0.0,0.0,0.0,1.0,0.0,0.0,0.0,1.0,1.0,1.0,10
3500.0,36.0,8.07,109.79,5.0,98000.0,8.52,750.0,754.0,15.0,0.0,784.0,780.0,165.0,452.17,0.0,36.0,87.57995487731876,0.0,0.0,0.0,1.0,1.0,0.0,1.0,0.0,0.0,0.0,0.0,0.0,0.0,0.0,0.0,0.0,0.0,0.0,1.0,1.0,1.0,4
3000.0,36.0,11.86,99.44,2.0,36153.0,7.47,665.0,669.0,0.0,61.0,689.0,685.0,85.0,579.66,0.0,36.0,112.27325263548354,1.0,0.0,0.0,0.0,1.0,0.0,0.0,1.0,0.0,0.0,0.0,0.0,0.0,0.0,0.0,0.0,0.0,0.0,1.0,1.0,1.0,16
12000.0,36.0,11.86,397.75,1.0,65000.0,7.14,680.0,684.0,2.0,0.0,524.0,520.0,288.0,2341.57,0.0,43.0,380.68182063888133,0.0,0.0,0.0,1.0,1.0,0.0,0.0,1.0,0.0,0.0,0.0,0.0,0.0,0.0,0.0,0.0,0.0,0.0,1.0,1.0,1.0,16
5000.0,36.0,7.43,155.38,1.0,45000.0,1.12,780.0,784.0,0.0,0.0,784.0,780.0,192.0,593.63,0.0,36.0,114.97907559949302,0.0,0.0,1.0,0.0,1.0,0.0,1.0,0.0,0.0,0.0,0.0,0.0,0.0,0.0,0.0,0.0,0.0,0.0,1.0,1.0,1.0,2
6400.0,36.0,9.64,205.45,1.0,60000.0,7.72,710.0,714.0,11.87295081967213,4.016460905349795,699.0,695.0,76.0,995.96,0.0,36.0,192.90561483427558,0.0,0.0,0.0,1.0,1.0,0.0,0.0,0.0,0.0,0.0,0.0,0.0,0.0,1.0,0.0,0.0,0.0,0.0,1.0,1.0,1.0,9
12000.0,36.0,12.49,401.37,9.0,75000.0,15.0,680.0,684.0,78.0,0.0,679.0,675.0,148.0,2449.29,0.0,35.0,487.6350352915092,0.0,0.0,1.0,0.0,1.0,0.0,1.0,0.0,0.0,0.0,0.0,0.0,0.0,0.0,0.0,0.0,0.0,0.0,1.0,1.0,1.0,18
7500.0,36.0,9.33,239.65,6.0,93000.0,9.66,790.0,794.0,0.0,0.0,604.0,600.0,149.0,604.15,0.0,12.0,296.99654846024896,1.0,0.0,0.0,0.0,1.0,0.0,0.0,0.0,0.0,1.0,0.0,0.0,0.0,0.0,0.0,0.0,0.0,0.0,1.0,1.0,1.0,8
10000.0,36.0,8.07,313.67,1.0,173000.0,0.72,785.0,789.0,0.0,0.0,789.0,785.0,264.0,435.3,0.0,7.0,287.3342704631088,1.0,0.0,0.0,0.0,1.0,1.0,0.0,0.0,0.0,0.0,0.0,0.0,0.0,0.0,0.0,0.0,0.0,0.0,1.0,1.0,1.0,4
10000.0,36.0,11.54,329.95,9.0,225000.0,20.0,725.0,729.0,0.0,0.0,769.0,765.0,339.0,1068.42,0.0,13.0,497.75189312429217,1.0,0.0,0.0,0.0,1.0,0.0,0.0,1.0,0.0,0.0,0.0,0.0,0.0,0.0,0.0,0.0,0.0,0.0,1.0,1.0,1.0,15
5000.0,36.0,7.75,156.11,1.0,45000.0,5.0,760.0,764.0,0.0,0.0,769.0,765.0,71.0,459.64,0.0,20.0,153.50259848230306,0.0,0.0,0.0,1.0,1.0,0.0,0.0,1.0,0.0,0.0,0.0,0.0,0.0,0.0,0.0,0.0,0.0,0.0,1.0,1.0,1.0,3
9500.0,36.0,8.07,297.99,2.0,63000.0,3.49,790.0,794.0,0.0,0.0,779.0,775.0,196.0,1227.3,0.0,36.0,237.7134233163043,0.0,0.0,1.0,0.0,1.0,0.0,0.0,0.0,0.0,0.0,0.0,0.0,0.0,0.0,1.0,0.0,0.0,0.0,1.0,1.0,1.0,4
6625.0,36.0,11.22,217.6,2.0,88000.0,18.0,700.0,704.0,0.0,0.0,679.0,675.0,123.0,549.09,0.0,11.0,285.3096651744425,1.0,0.0,0.0,0.0,1.0,0.0,1.0,0.0,0.0,0.0,0.0,0.0,0.0,0.0,0.0,0.0,0.0,0.0,1.0,1.0,1.0,14
12125.0,36.0,8.7,383.87,10.0,150000.0,4.8,765.0,769.0,0.0,0.0,764.0,760.0,439.0,1694.08,0.0,36.0,328.123161551116,1.0,0.0,0.0,0.0,1.0,0.0,0.0,1.0,0.0,0.0,0.0,0.0,0.0,0.0,0.0,0.0,0.0,0.0,1.0,1.0,1.0,6
5000.0,36.0,7.43,155.38,10.0,65000.0,0.28,800.0,804.0,11.87295081967213,4.016460905349795,804.0,800.0,153.0,200.46,0.0,7.0,132.32030291071626,1.0,0.0,0.0,0.0,1.0,0.0,0.0,0.0,0.0,0.0,0.0,0.0,0.0,0.0,1.0,0.0,0.0,0.0,1.0,1.0,1.0,2
4800.0,36.0,11.22,157.66,5.0,30000.0,12.36,680.0,684.0,0.0,0.0,699.0,695.0,59.0,875.57,0.0,36.0,169.58750269131963,0.0,0.0,0.0,1.0,1.0,0.0,0.0,1.0,0.0,0.0,0.0,0.0,0.0,0.0,0.0,0.0,0.0,0.0,1.0,1.0,1.0,14
10000.0,36.0,10.28,323.99,3.0,120000.0,14.4,720.0,724.0,0.0,0.0,744.0,740.0,154.0,1663.56,0.0,37.0,313.6782581542979,0.0,0.0,0.0,1.0,1.0,0.0,0.0,1.0,0.0,0.0,0.0,0.0,0.0,0.0,0.0,0.0,0.0,0.0,1.0,1.0,1.0,11
7000.0,36.0,12.49,234.15,1.0,23000.0,5.01,660.0,664.0,0.0,0.0,524.0,520.0,37.0,1540.68,0.0,38.0,282.9984213428922,0.0,0.0,0.0,1.0,1.0,0.0,0.0,0.0,0.0,0.0,0.0,0.0,0.0,0.0,1.0,0.0,0.0,0.0,1.0,1.0,1.0,18
6500.0,36.0,10.28,210.6,1.0,45000.0,5.87,690.0,694.0,0.0,0.0,704.0,700.0,57.0,1088.05,0.0,37.0,205.16099736996784,0.0,0.0,1.0,0.0,1.0,0.0,0.0,1.0,0.0,0.0,0.0,0.0,0.0,0.0,0.0,0.0,0.0,0.0,1.0,1.0,1.0,11
17000.0,36.0,9.33,543.2,10.0,75000.0,9.55,760.0,764.0,0.0,0.0,749.0,745.0,188.0,2555.19,0.0,36.0,494.90993410216555,0.0,0.0,0.0,1.0,1.0,0.0,0.0,1.0,0.0,0.0,0.0,0.0,0.0,0.0,0.0,0.0,0.0,0.0,1.0,1.0,1.0,8
2850.0,36.0,11.86,94.47,3.0,45000.0,2.8,665.0,669.0,4.0,0.0,764.0,760.0,180.0,531.65,0.0,31.0,119.0407199569342,0.0,0.0,0.0,1.0,1.0,0.0,0.0,0.0,0.0,0.0,0.0,0.0,0.0,0.0,1.0,0.0,0.0,0.0,1.0,1.0,1.0,16
2000.0,36.0,7.12,61.87,10.0,118000.0,0.43,770.0,774.0,11.87295081967213,4.016460905349795,804.0,800.0,195.0,219.43,0.0,31.0,49.13214554716462,1.0,0.0,0.0,0.0,1.0,0.0,0.0,1.0,0.0,0.0,0.0,0.0,0.0,0.0,0.0,0.0,0.0,0.0,1.0,1.0,1.0,1
3000.0,36.0,10.28,97.2,1.0,38000.0,19.93,685.0,689.0,59.0,0.0,539.0,535.0,85.0,499.05,0.0,37.0,94.10008339458896,0.0,0.0,0.0,1.0,1.0,0.0,0.0,0.0,0.0,0.0,0.0,0.0,0.0,0.0,1.0,0.0,0.0,0.0,1.0,1.0,1.0,11
4925.0,36.0,9.96,158.83,10.0,84000.0,4.84,725.0,729.0,0.0,0.0,699.0,695.0,208.0,739.12,0.0,32.0,160.5173931714429,1.0,0.0,0.0,0.0,1.0,0.0,0.0,1.0,0.0,0.0,0.0,0.0,0.0,0.0,0.0,0.0,0.0,0.0,1.0,1.0,1.0,10
4800.0,36.0,11.54,158.38,1.0,25000.0,18.19,670.0,674.0,9.0,0.0,709.0,705.0,85.0,901.52,0.0,37.0,169.9891938320605,0.0,0.0,0.0,1.0,1.0,0.0,0.0,1.0,0.0,0.0,0.0,0.0,0.0,0.0,0.0,0.0,0.0,0.0,1.0,1.0,1.0,15
5000.0,36.0,10.59,162.73,1.0,15000.0,24.4,735.0,739.0,0.0,0.0,634.0,630.0,105.0,826.81,0.0,36.0,160.143270212787,0.0,0.0,0.0,1.0,1.0,0.0,0.0,0.0,0.0,0.0,0.0,0.0,0.0,0.0,1.0,0.0,0.0,0.0,1.0,1.0,1.0,12
7000.0,36.0,10.28,226.8,2.0,55400.0,10.05,690.0,694.0,0.0,0.0,759.0,755.0,62.0,850.41,0.0,19.0,296.56014359344056,0.0,0.0,0.0,1.0,1.0,0.0,0.0,1.0,0.0,0.0,0.0,0.0,0.0,0.0,0.0,0.0,0.0,0.0,1.0,1.0,1.0,11
6225.0,36.0,11.54,205.4,1.0,45000.0,17.76,715.0,719.0,0.0,0.0,664.0,660.0,49.0,665.12,0.0,14.0,294.1349044008593,0.0,0.0,0.0,1.0,1.0,0.0,1.0,0.0,0.0,0.0,0.0,0.0,0.0,0.0,0.0,0.0,0.0,0.0,1.0,1.0,1.0,15
5275.0,36.0,9.64,169.32,1.0,70000.0,17.57,735.0,739.0,0.0,0.0,724.0,720.0,179.0,820.49,0.0,37.0,154.71030442726428,1.0,0.0,0.0,0.0,1.0,0.0,0.0,0.0,0.0,0.0,0.0,0.0,0.0,0.0,1.0,0.0,0.0,0.0,1.0,1.0,1.0,9
8275.0,36.0,8.07,259.58,9.0,49000.0,9.89,770.0,774.0,0.0,0.0,774.0,770.0,324.0,264.47,0.0,6.0,186.18748844727395,1.0,0.0,0.0,0.0,1.0,0.0,0.0,0.0,0.0,0.0,0.0,0.0,0.0,0.0,1.0,0.0,0.0,0.0,1.0,1.0,1.0,4
2825.0,36.0,9.64,90.68,3.0,70000.0,18.0,730.0,734.0,0.0,0.0,779.0,775.0,121.0,439.4,0.0,37.0,82.85257317619954,1.0,0.0,0.0,0.0,1.0,0.0,0.0,0.0,0.0,0.0,0.0,0.0,0.0,0.0,0.0,1.0,0.0,0.0,1.0,1.0,1.0,9
3000.0,36.0,9.96,96.75,1.0,18000.0,15.4,705.0,709.0,0.0,0.0,609.0,605.0,370.0,483.65,0.0,36.0,93.67725673179383,0.0,0.0,1.0,0.0,1.0,0.0,0.0,0.0,1.0,0.0,0.0,0.0,0.0,0.0,0.0,0.0,0.0,0.0,1.0,1.0,1.0,10
10000.0,36.0,12.8,335.98,2.0,36400.0,18.92,680.0,684.0,41.0,0.0,744.0,740.0,73.0,2074.03,0.0,33.0,437.22834815731875,0.0,0.0,0.0,1.0,1.0,0.0,0.0,1.0,0.0,0.0,0.0,0.0,0.0,0.0,0.0,0.0,0.0,0.0,1.0,1.0,1.0,19
1200.0,36.0,9.96,38.7,1.0,32000.0,1.13,675.0,679.0,54.0,0.0,579.0,575.0,63.0,193.11,0.0,37.0,36.41251799284453,0.0,0.0,1.0,0.0,1.0,0.0,1.0,0.0,0.0,0.0,0.0,0.0,0.0,0.0,0.0,0.0,0.0,0.0,1.0,1.0,1.0,10
5500.0,36.0,8.07,172.53,6.0,54000.0,6.29,740.0,744.0,0.0,0.0,734.0,730.0,168.0,707.58,0.0,35.0,140.8738035396242,0.0,0.0,0.0,1.0,1.0,0.0,0.0,1.0,0.0,0.0,0.0,0.0,0.0,0.0,0.0,0.0,0.0,0.0,1.0,1.0,1.0,4
3275.0,36.0,9.33,104.65,1.0,62000.0,3.83,700.0,704.0,0.0,0.0,734.0,730.0,122.0,492.31,0.0,36.0,95.35459580611895,1.0,0.0,0.0,0.0,1.0,0.0,0.0,0.0,0.0,0.0,0.0,0.0,0.0,0.0,1.0,0.0,0.0,0.0,1.0,1.0,1.0,8
8275.0,36.0,9.01,263.19,10.0,120000.0,12.16,740.0,744.0,76.0,0.0,759.0,755.0,320.0,1199.5,0.0,36.0,232.32889372436,1.0,0.0,0.0,0.0,1.0,0.0,0.0,0.0,0.0,0.0,0.0,0.0,0.0,0.0,1.0,0.0,0.0,0.0,1.0,1.0,1.0,7
8000.0,36.0,8.38,252.1,1.0,105000.0,9.71,750.0,754.0,0.0,0.0,744.0,740.0,116.0,1013.5,0.0,28.0,249.99237657524083,0.0,0.0,0.0,1.0,1.0,0.0,1.0,0.0,0.0,0.0,0.0,0.0,0.0,0.0,0.0,0.0,0.0,0.0,1.0,1.0,1.0,5
4275.0,36.0,10.28,138.51,1.0,31000.0,24.81,765.0,769.0,0.0,0.0,769.0,765.0,191.0,107.3,0.0,3.0,92.70136054421769,0.0,0.0,1.0,0.0,1.0,0.0,0.0,0.0,0.0,0.0,0.0,0.0,0.0,0.0,1.0,0.0,0.0,0.0,1.0,1.0,1.0,11
25000.0,36.0,14.38,194.15,2.0,480000.0,2.4,695.0,699.0,12.0,0.0,649.0,645.0,91.0,1339.31,0.0,36.0,259.40842905708416,1.0,0.0,0.0,0.0,1.0,0.0,0.0,0.0,0.0,0.0,0.0,0.0,0.0,0.0,0.0,1.0,0.0,0.0,1.0,1.0,1.0,24
8500.0,36.0,12.49,284.32,8.0,85000.0,6.38,665.0,669.0,15.0,0.0,699.0,695.0,238.0,1735.31,0.0,36.0,336.1089225250681,1.0,0.0,0.0,0.0,1.0,0.0,0.0,0.0,0.0,0.0,0.0,0.0,0.0,0.0,0.0,1.0,0.0,0.0,1.0,1.0,1.0,18
3025.0,36.0,10.28,98.01,1.0,90000.0,9.13,695.0,699.0,0.0,0.0,574.0,570.0,109.0,490.87,0.0,31.0,109.90974928103125,0.0,0.0,0.0,1.0,1.0,0.0,0.0,0.0,0.0,0.0,0.0,0.0,0.0,0.0,0.0,0.0,0.0,1.0,1.0,1.0,1.0,11
4300.0,36.0,10.91,140.6,1.0,36000.0,9.87,705.0,709.0,0.0,0.0,689.0,685.0,52.0,735.13,0.0,30.0,169.8479024080296,0.0,0.0,0.0,1.0,1.0,0.0,0.0,1.0,0.0,0.0,0.0,0.0,0.0,0.0,0.0,0.0,0.0,0.0,1.0,1.0,1.0,13
5275.0,36.0,8.07,165.47,1.0,55000.0,12.0,795.0,799.0,0.0,0.0,799.0,795.0,289.0,229.77,0.0,7.0,151.66734510523432,1.0,0.0,0.0,0.0,1.0,0.0,0.0,0.0,0.0,0.0,0.0,0.0,0.0,0.0,1.0,0.0,0.0,0.0,1.0,1.0,1.0,4
2100.0,36.0,7.12,64.96,1.0,110000.0,0.22,810.0,814.0,0.0,0.0,804.0,800.0,533.0,238.45,0.0,36.0,46.18493097838569,0.0,0.0,0.0,1.0,1.0,0.0,0.0,1.0,0.0,0.0,0.0,0.0,0.0,0.0,0.0,0.0,0.0,0.0,1.0,1.0,1.0,1
10000.0,36.0,11.22,328.43,8.0,30000.0,20.4,740.0,744.0,0.0,0.0,744.0,740.0,108.0,273.97,0.0,3.0,236.6951700680272,1.0,0.0,0.0,0.0,1.0,0.0,0.0,0.0,0.0,0.0,0.0,0.0,0.0,0.0,1.0,0.0,0.0,0.0,1.0,1.0,1.0,14
2525.0,36.0,13.12,85.23,1.0,40000.0,20.67,690.0,694.0,23.0,0.0,719.0,715.0,173.0,543.02,0.0,36.0,105.1765201085469,1.0,0.0,0.0,0.0,1.0,0.0,0.0,0.0,0.0,1.0,0.0,0.0,0.0,0.0,0.0,0.0,0.0,0.0,1.0,1.0,1.0,20
6625.0,36.0,11.22,217.59,3.0,57100.0,13.77,680.0,684.0,0.0,0.0,654.0,650.0,72.0,1137.03,0.0,28.0,280.46258701267504,0.0,0.0,0.0,1.0,1.0,0.0,0.0,1.0,0.0,0.0,0.0,0.0,0.0,0.0,0.0,0.0,0.0,0.0,1.0,1.0,1.0,14
5275.0,36.0,7.43,163.92,9.0,85000.0,2.64,780.0,784.0,0.0,0.0,769.0,765.0,303.0,625.95,0.0,36.0,121.23907547041529,1.0,0.0,0.0,0.0,1.0,0.0,0.0,0.0,0.0,0.0,0.0,0.0,0.0,0.0,1.0,0.0,0.0,0.0,1.0,1.0,1.0,2
6000.0,36.0,10.28,194.4,1.0,87300.0,10.6,690.0,694.0,0.0,0.0,779.0,775.0,83.0,939.84,0.0,28.0,231.8232217074241,1.0,0.0,0.0,0.0,1.0,0.0,1.0,0.0,0.0,0.0,0.0,0.0,0.0,0.0,0.0,0.0,0.0,0.0,1.0,1.0,1.0,11
7200.0,36.0,14.67,248.43,3.0,57000.0,20.76,665.0,669.0,8.0,0.0,734.0,730.0,124.0,1743.42,0.0,36.0,337.67973313624327,0.0,0.0,0.0,1.0,1.0,0.0,0.0,1.0,0.0,0.0,0.0,0.0,0.0,0.0,0.0,0.0,0.0,0.0,1.0,1.0,1.0,25
6625.0,36.0,11.22,217.59,3.0,50000.0,18.38,705.0,709.0,41.0,0.0,709.0,705.0,111.0,1208.04,0.0,36.0,233.98299022490693,0.0,0.0,0.0,1.0,1.0,0.0,0.0,0.0,0.0,0.0,0.0,0.0,0.0,0.0,0.0,1.0,0.0,0.0,1.0,1.0,1.0,14
9000.0,36.0,11.22,295.59,1.0,32400.0,22.15,745.0,749.0,0.0,0.0,814.0,810.0,93.0,1641.12,0.0,36.0,317.8654389903472,0.0,0.0,0.0,1.0,1.0,0.0,1.0,0.0,0.0,0.0,0.0,0.0,0.0,0.0,0.0,0.0,0.0,0.0,1.0,1.0,1.0,14
6000.0,36.0,10.59,195.27,2.0,19000.0,8.15,690.0,694.0,0.0,0.0,669.0,665.0,102.0,1029.69,0.0,36.0,199.43871494709143,0.0,0.0,0.0,1.0,1.0,0.0,0.0,0.0,1.0,0.0,0.0,0.0,0.0,0.0,0.0,0.0,0.0,0.0,1.0,1.0,1.0,12
9500.0,36.0,8.07,297.99,2.0,90000.0,2.44,790.0,794.0,0.0,0.0,809.0,805.0,287.0,1227.3,0.0,36.0,237.7134233163043,0.0,0.0,1.0,0.0,1.0,0.0,0.0,0.0,0.0,0.0,0.0,0.0,0.0,0.0,1.0,0.0,0.0,0.0,1.0,1.0,1.0,4
20000.0,36.0,15.65,699.69,6.0,92000.0,1.53,665.0,669.0,34.0,0.0,664.0,660.0,119.0,5188.82,0.0,36.0,1005.012763930666,0.0,0.0,0.0,1.0,1.0,0.0,0.0,0.0,0.0,0.0,0.0,0.0,0.0,0.0,0.0,1.0,0.0,0.0,1.0,1.0,1.0,28
3775.0,36.0,7.43,117.31,7.0,120000.0,0.0,770.0,774.0,64.0,0.0,794.0,790.0,130.0,416.72,0.0,34.0,85.34106745847689,1.0,0.0,0.0,0.0,1.0,0.0,0.0,0.0,0.0,0.0,0.0,0.0,0.0,0.0,1.0,0.0,0.0,0.0,1.0,1.0,1.0,2
10250.0,36.0,14.38,352.22,4.0,72000.0,17.83,685.0,689.0,0.0,0.0,729.0,725.0,43.0,1194.37,0.0,11.0,620.6000925065084,0.0,0.0,0.0,1.0,1.0,0.0,0.0,1.0,0.0,0.0,0.0,0.0,0.0,0.0,0.0,0.0,0.0,0.0,1.0,1.0,1.0,24
7250.0,36.0,10.59,235.96,5.0,57000.0,7.22,710.0,714.0,0.0,0.0,724.0,720.0,182.0,942.67,0.0,19.0,328.73361150648356,1.0,0.0,0.0,0.0,1.0,0.0,1.0,0.0,0.0,0.0,0.0,0.0,0.0,0.0,0.0,0.0,0.0,0.0,1.0,1.0,1.0,12
3000.0,36.0,7.43,93.23,10.0,72000.0,11.18,755.0,759.0,0.0,0.0,649.0,645.0,147.0,135.51,0.0,9.0,79.0754615738976,0.0,0.0,0.0,1.0,1.0,0.0,0.0,0.0,0.0,0.0,0.0,1.0,0.0,0.0,0.0,0.0,0.0,0.0,1.0,1.0,1.0,2
500.0,36.0,8.07,15.69,1.0,18000.0,4.27,720.0,724.0,0.0,0.0,659.0,655.0,48.0,65.03,0.0,37.0,12.26195455996417,0.0,0.0,0.0,1.0,1.0,0.0,0.0,0.0,0.0,0.0,0.0,0.0,0.0,0.0,1.0,0.0,0.0,0.0,1.0,1.0,1.0,4
24750.0,36.0,9.33,790.86,4.0,60000.0,0.82,765.0,769.0,0.0,0.0,499.0,0.0,69.0,3732.75,0.0,38.0,685.6468294958595,0.0,0.0,0.0,1.0,1.0,0.0,0.0,1.0,0.0,0.0,0.0,0.0,0.0,0.0,0.0,0.0,0.0,0.0,1.0,1.0,1.0,8
6000.0,36.0,7.43,186.45,10.0,68686.0,6.11,775.0,779.0,0.0,0.0,774.0,770.0,244.0,208.94,0.0,7.0,137.91780948900058,1.0,0.0,0.0,0.0,1.0,0.0,0.0,1.0,0.0,0.0,0.0,0.0,0.0,0.0,0.0,0.0,0.0,0.0,1.0,1.0,1.0,2
6400.0,36.0,11.54,211.17,5.0,95000.0,1.83,665.0,669.0,0.0,0.0,519.0,515.0,112.0,1375.64,0.0,53.0,181.6368801056674,0.0,0.0,0.0,1.0,1.0,0.0,0.0,0.0,1.0,0.0,0.0,0.0,0.0,0.0,0.0,0.0,0.0,0.0,1.0,1.0,1.0,15
4800.0,36.0,7.75,149.87,2.0,20000.0,10.26,755.0,759.0,0.0,0.0,764.0,760.0,208.0,362.39,0.0,14.0,160.2591231745059,0.0,0.0,0.0,1.0,1.0,0.0,1.0,0.0,0.0,0.0,0.0,0.0,0.0,0.0,0.0,0.0,0.0,0.0,1.0,1.0,1.0,3
3600.0,36.0,10.28,116.64,1.0,30000.0,7.88,685.0,689.0,64.0,5.0,674.0,670.0,169.0,598.8499999999998,0.0,36.0,115.99012755884365,0.0,0.0,0.0,1.0,1.0,0.0,0.0,0.0,0.0,0.0,0.0,0.0,0.0,0.0,1.0,0.0,0.0,0.0,1.0,1.0,1.0,11
15000.0,36.0,10.28,485.99,1.0,88000.0,11.95,700.0,704.0,0.0,0.0,524.0,520.0,167.0,2586.45,0.0,40.0,451.67842850897875,0.0,0.0,0.0,1.0,1.0,0.0,1.0,0.0,0.0,0.0,0.0,0.0,0.0,0.0,0.0,0.0,0.0,0.0,1.0,1.0,1.0,11
4800.0,36.0,10.28,155.52,1.0,35000.0,7.51,685.0,689.0,52.0,114.0,729.0,725.0,92.0,334.09,0.0,9.0,194.954770549948,0.0,0.0,0.0,1.0,1.0,0.0,0.0,1.0,0.0,0.0,0.0,0.0,0.0,0.0,0.0,0.0,0.0,0.0,1.0,1.0,1.0,11
5000.0,36.0,7.75,156.11,7.0,52000.0,9.55,765.0,769.0,0.0,0.0,794.0,790.0,426.0,417.79,0.0,16.0,167.26685014806296,1.0,0.0,0.0,0.0,1.0,0.0,0.0,0.0,1.0,0.0,0.0,0.0,0.0,0.0,0.0,0.0,0.0,0.0,1.0,1.0,1.0,3
12000.0,36.0,10.91,392.36,1.0,35000.0,15.74,690.0,694.0,0.0,0.0,704.0,700.0,50.0,2165.45,0.0,36.0,419.4219282329433,0.0,0.0,0.0,1.0,1.0,0.0,0.0,1.0,0.0,0.0,0.0,0.0,0.0,0.0,0.0,0.0,0.0,0.0,1.0,1.0,1.0,13
18000.0,36.0,11.54,593.92,2.0,27000.0,10.8,680.0,684.0,0.0,0.0,619.0,615.0,166.0,3380.72,0.0,36.0,654.8052835279854,0.0,0.0,0.0,1.0,1.0,0.0,0.0,0.0,0.0,0.0,0.0,0.0,1.0,0.0,0.0,0.0,0.0,0.0,1.0,1.0,1.0,15
5875.0,36.0,10.91,192.09,7.0,66000.0,19.82,675.0,679.0,9.0,0.0,704.0,700.0,141.0,815.13,0.0,20.0,272.222985599338,1.0,0.0,0.0,0.0,1.0,0.0,1.0,0.0,0.0,0.0,0.0,0.0,0.0,0.0,0.0,0.0,0.0,0.0,1.0,1.0,1.0,13
3000.0,36.0,7.12,92.8,5.0,93000.0,0.0,810.0,814.0,0.0,0.0,769.0,765.0,271.0,339.04,0.0,35.0,67.50028880419765,1.0,0.0,0.0,0.0,1.0,0.0,0.0,0.0,0.0,1.0,0.0,0.0,0.0,0.0,0.0,0.0,0.0,0.0,1.0,1.0,1.0,1
3000.0,36.0,9.96,96.75,2.0,62000.0,11.98,680.0,684.0,0.0,0.0,649.0,645.0,59.0,161.61,0.0,7.0,106.67606581562833,0.0,0.0,0.0,1.0,1.0,0.0,0.0,0.0,0.0,0.0,0.0,0.0,0.0,0.0,0.0,0.0,0.0,1.0,1.0,1.0,1.0,10
4800.0,36.0,7.75,149.87,1.0,21000.0,6.34,750.0,754.0,0.0,0.0,609.0,605.0,100.0,595.04,0.0,36.0,115.25217584138653,0.0,0.0,0.0,1.0,1.0,0.0,0.0,0.0,0.0,0.0,0.0,0.0,0.0,0.0,0.0,0.0,0.0,1.0,1.0,1.0,1.0,3
18000.0,36.0,9.01,572.48,10.0,41000.0,15.37,745.0,749.0,30.0,0.0,719.0,715.0,247.0,2609.25,0.0,36.0,505.38071358923423,1.0,0.0,0.0,0.0,1.0,0.0,0.0,0.0,1.0,0.0,0.0,0.0,0.0,0.0,0.0,0.0,0.0,0.0,1.0,1.0,1.0,7
1500.0,36.0,14.7,51.78,1.0,25000.0,3.84,630.0,634.0,5.0,0.0,689.0,685.0,51.0,164.72,0.0,10.0,90.62221997790681,0.0,0.0,0.0,1.0,1.0,0.0,0.0,0.0,0.0,0.0,0.0,0.0,0.0,0.0,1.0,0.0,0.0,0.0,1.0,1.0,1.0,25
19950.0,36.0,9.96,643.36,10.0,116000.0,13.07,725.0,729.0,0.0,0.0,694.0,690.0,346.0,2809.93,0.0,24.0,799.2926553162758,1.0,0.0,0.0,0.0,1.0,0.0,1.0,0.0,0.0,0.0,0.0,0.0,0.0,0.0,0.0,0.0,0.0,0.0,1.0,1.0,1.0,10
7000.0,36.0,10.59,227.82,3.0,63500.0,8.5,680.0,684.0,0.0,113.0,599.0,595.0,225.0,1174.02,0.0,30.0,271.2511180132425,1.0,0.0,0.0,0.0,1.0,0.0,0.0,1.0,0.0,0.0,0.0,0.0,0.0,0.0,0.0,0.0,0.0,0.0,1.0,1.0,1.0,12
4000.0,36.0,10.91,130.79,1.0,14400.0,8.92,670.0,674.0,0.0,0.0,734.0,730.0,38.0,708.1999999999998,0.0,36.0,137.1699229142073,0.0,0.0,0.0,1.0,1.0,0.0,0.0,0.0,0.0,0.0,0.0,0.0,0.0,0.0,1.0,0.0,0.0,0.0,1.0,1.0,1.0,13
10000.0,36.0,8.38,315.12,1.0,30000.0,4.2,735.0,739.0,0.0,0.0,694.0,690.0,52.0,1121.69,0.0,23.0,331.5332176336844,0.0,0.0,0.0,1.0,1.0,0.0,0.0,0.0,1.0,0.0,0.0,0.0,0.0,0.0,0.0,0.0,0.0,0.0,1.0,1.0,1.0,5
10000.0,36.0,8.07,313.67,6.0,150000.0,5.84,790.0,794.0,0.0,0.0,774.0,770.0,177.0,1291.92,0.0,36.0,250.22954929585256,1.0,0.0,0.0,0.0,1.0,0.0,0.0,0.0,0.0,1.0,0.0,0.0,0.0,0.0,0.0,0.0,0.0,0.0,1.0,1.0,1.0,4
10000.0,36.0,8.07,313.67,3.0,85000.0,3.11,795.0,799.0,0.0,0.0,764.0,760.0,177.0,1291.92,0.0,36.0,250.22954929585256,1.0,0.0,0.0,0.0,1.0,0.0,0.0,0.0,0.0,1.0,0.0,0.0,0.0,0.0,0.0,0.0,0.0,0.0,1.0,1.0,1.0,4
25000.0,36.0,9.64,802.47,1.0,78000.0,0.8,730.0,734.0,0.0,0.0,699.0,695.0,71.0,1131.73,0.0,6.0,796.7405236905257,1.0,0.0,0.0,0.0,1.0,0.0,0.0,0.0,0.0,1.0,0.0,0.0,0.0,0.0,0.0,0.0,0.0,0.0,1.0,1.0,1.0,9
8000.0,36.0,11.86,265.18,2.0,52000.0,11.31,665.0,669.0,0.0,0.0,669.0,665.0,52.0,231.78,0.0,3.0,200.245306122449,0.0,0.0,0.0,1.0,1.0,0.0,0.0,1.0,0.0,0.0,0.0,0.0,0.0,0.0,0.0,0.0,0.0,0.0,1.0,1.0,1.0,16
25000.0,36.0,9.01,795.11,10.0,57000.0,8.93,820.0,824.0,0.0,0.0,804.0,800.0,319.0,2752.44,0.0,19.0,959.8476048404059,1.0,0.0,0.0,0.0,1.0,0.0,0.0,0.0,0.0,0.0,0.0,0.0,0.0,0.0,0.0,1.0,0.0,0.0,1.0,1.0,1.0,7
9850.0,36.0,7.75,307.53,2.0,70000.0,9.09,795.0,799.0,0.0,0.0,659.0,655.0,201.0,611.79,0.0,11.0,317.8888707808777,0.0,0.0,0.0,1.0,1.0,0.0,0.0,0.0,0.0,0.0,0.0,0.0,0.0,0.0,1.0,0.0,0.0,0.0,1.0,1.0,1.0,3
12375.0,36.0,10.91,404.62,3.0,46713.0,16.39,690.0,694.0,38.0,0.0,644.0,640.0,186.0,2191.09,0.0,36.0,424.3880914968803,1.0,0.0,0.0,0.0,1.0,0.0,0.0,0.0,0.0,0.0,0.0,0.0,0.0,0.0,0.0,1.0,0.0,0.0,1.0,1.0,1.0,13
8000.0,36.0,11.54,263.97,1.0,50000.0,8.04,670.0,674.0,11.0,0.0,754.0,750.0,102.0,1505.0,0.0,36.0,291.500612801302,0.0,0.0,0.0,1.0,1.0,0.0,0.0,1.0,0.0,0.0,0.0,0.0,0.0,0.0,0.0,0.0,0.0,0.0,1.0,1.0,1.0,15
20000.0,36.0,11.22,656.86,10.0,38556.0,14.04,700.0,704.0,0.0,0.0,739.0,735.0,59.0,2583.27,0.0,19.0,900.8536143044264,0.0,0.0,0.0,1.0,1.0,0.0,0.0,1.0,0.0,0.0,0.0,0.0,0.0,0.0,0.0,0.0,0.0,0.0,1.0,1.0,1.0,14
4000.0,36.0,8.7,126.65,1.0,44000.0,18.71,745.0,749.0,29.0,0.0,709.0,705.0,120.0,559.0299999999997,0.0,36.0,108.27746682678523,0.0,0.0,0.0,1.0,1.0,0.0,1.0,0.0,0.0,0.0,0.0,0.0,0.0,0.0,0.0,0.0,0.0,0.0,1.0,1.0,1.0,6
9000.0,36.0,10.91,294.27,1.0,80000.0,17.17,675.0,679.0,34.0,0.0,674.0,670.0,127.0,1593.51,0.0,36.0,308.6439478438556,0.0,0.0,0.0,1.0,1.0,0.0,1.0,0.0,0.0,0.0,0.0,0.0,0.0,0.0,0.0,0.0,0.0,0.0,1.0,1.0,1.0,13
12375.0,36.0,10.91,404.62,2.0,80000.0,9.23,685.0,689.0,0.0,103.0,509.0,505.0,84.0,1995.92,0.0,26.0,527.5985481012351,0.0,0.0,0.0,1.0,1.0,0.0,0.0,1.0,0.0,0.0,0.0,0.0,0.0,0.0,0.0,0.0,0.0,0.0,1.0,1.0,1.0,13
12000.0,36.0,11.86,397.77,2.0,150000.0,20.48,685.0,689.0,0.0,0.0,689.0,685.0,147.0,1399.13,0.0,14.0,618.7349182017896,1.0,0.0,0.0,0.0,1.0,0.0,0.0,1.0,0.0,0.0,0.0,0.0,0.0,0.0,0.0,0.0,0.0,0.0,1.0,1.0,1.0,16
5750.0,36.0,7.43,178.68,1.0,95000.0,1.2,810.0,814.0,0.0,0.0,804.0,800.0,535.0,682.32,0.0,36.0,132.15727450271388,0.0,0.0,0.0,1.0,1.0,0.0,0.0,1.0,0.0,0.0,0.0,0.0,0.0,0.0,0.0,0.0,0.0,0.0,1.0,1.0,1.0,2
12950.0,36.0,9.96,417.62,1.0,92000.0,6.48,710.0,714.0,0.0,0.0,749.0,745.0,185.0,1823.99,0.0,24.0,518.8391918554319,1.0,0.0,0.0,0.0,1.0,0.0,0.0,0.0,0.0,0.0,0.0,0.0,0.0,0.0,0.0,1.0,0.0,0.0,1.0,1.0,1.0,10
4000.0,36.0,10.59,130.18,3.0,62000.0,17.81,680.0,684.0,32.0,0.0,699.0,695.0,209.0,686.46,0.0,36.0,132.959143298061,0.0,0.0,0.0,1.0,1.0,0.0,1.0,0.0,0.0,0.0,0.0,0.0,0.0,0.0,0.0,0.0,0.0,0.0,1.0,1.0,1.0,12
3000.0,36.0,11.22,98.53,10.0,32904.0,22.79,680.0,684.0,0.0,0.0,499.0,0.0,309.0,547.0399999999997,0.0,36.0,105.95514633011571,1.0,0.0,0.0,0.0,1.0,0.0,0.0,0.0,0.0,0.0,0.0,0.0,0.0,0.0,1.0,0.0,0.0,0.0,1.0,1.0,1.0,14
16000.0,36.0,10.91,523.14,1.0,200000.0,10.7,695.0,699.0,59.0,0.0,654.0,650.0,241.0,2832.95,0.0,36.0,548.7087448740522,0.0,0.0,0.0,1.0,1.0,0.0,1.0,0.0,0.0,0.0,0.0,0.0,0.0,0.0,0.0,0.0,0.0,0.0,1.0,1.0,1.0,13
17600.0,36.0,8.7,557.23,1.0,153000.0,0.12,755.0,759.0,0.0,0.0,664.0,660.0,38.0,1320.57,0.0,12.0,649.1843614998775,0.0,0.0,0.0,1.0,1.0,0.0,0.0,0.0,0.0,0.0,0.0,0.0,1.0,0.0,0.0,0.0,0.0,0.0,1.0,1.0,1.0,6
9600.0,36.0,11.22,315.3,1.0,42500.0,14.6,675.0,679.0,33.0,0.0,529.0,525.0,120.0,1689.55,0.0,32.0,366.9257517491224,0.0,0.0,0.0,1.0,1.0,0.0,0.0,0.0,0.0,0.0,0.0,0.0,0.0,0.0,0.0,0.0,0.0,1.0,1.0,1.0,1.0,14
6500.0,36.0,7.75,202.94,10.0,48000.0,13.53,785.0,789.0,0.0,0.0,804.0,800.0,338.0,805.7899999999997,0.0,36.0,156.07194603930975,0.0,0.0,1.0,0.0,1.0,0.0,0.0,1.0,0.0,0.0,0.0,0.0,0.0,0.0,0.0,0.0,0.0,0.0,1.0,1.0,1.0,3
15000.0,36.0,10.28,485.99,1.0,50000.0,11.88,700.0,704.0,42.0,0.0,654.0,650.0,231.0,2495.31,0.0,36.0,483.31188978685515,0.0,0.0,0.0,1.0,1.0,0.0,0.0,1.0,0.0,0.0,0.0,0.0,0.0,0.0,0.0,0.0,0.0,0.0,1.0,1.0,1.0,11
10000.0,36.0,8.7,189.97,3.0,24000.0,19.45,755.0,759.0,0.0,0.0,749.0,745.0,128.0,778.26,0.0,28.0,191.96750566694314,0.0,0.0,0.0,1.0,1.0,0.0,0.0,1.0,0.0,0.0,0.0,0.0,0.0,0.0,0.0,0.0,0.0,0.0,1.0,1.0,1.0,6
11300.0,36.0,12.17,376.24,8.0,33600.0,23.96,710.0,714.0,0.0,0.0,759.0,755.0,100.0,2141.0,0.0,30.0,494.6667379315106,0.0,0.0,0.0,1.0,1.0,0.0,0.0,1.0,0.0,0.0,0.0,0.0,0.0,0.0,0.0,0.0,0.0,0.0,1.0,1.0,1.0,17
18000.0,36.0,12.17,599.33,3.0,110244.0,18.3,680.0,684.0,0.0,0.0,719.0,715.0,144.0,3557.4900000000016,0.0,35.0,708.2692379012661,1.0,0.0,0.0,0.0,1.0,0.0,0.0,1.0,0.0,0.0,0.0,0.0,0.0,0.0,0.0,0.0,0.0,0.0,1.0,1.0,1.0,17
25000.0,36.0,11.86,828.69,2.0,52000.0,9.74,710.0,714.0,0.0,0.0,639.0,635.0,160.0,2392.2,0.0,11.0,1242.9980167737551,0.0,0.0,0.0,1.0,1.0,0.0,0.0,0.0,0.0,0.0,0.0,0.0,0.0,0.0,0.0,1.0,0.0,0.0,1.0,1.0,1.0,16
18500.0,36.0,10.91,604.88,2.0,52000.0,17.56,705.0,709.0,17.0,0.0,649.0,645.0,265.0,3275.5900000000015,0.0,37.0,617.6401005239591,1.0,0.0,0.0,0.0,1.0,0.0,1.0,0.0,0.0,0.0,0.0,0.0,0.0,0.0,0.0,0.0,0.0,0.0,1.0,1.0,1.0,13
17000.0,36.0,8.7,538.23,1.0,55900.0,11.51,745.0,749.0,0.0,0.0,684.0,680.0,206.0,1867.75,0.0,20.0,623.7587640660553,1.0,0.0,0.0,0.0,1.0,0.0,0.0,1.0,0.0,0.0,0.0,0.0,0.0,0.0,0.0,0.0,0.0,0.0,1.0,1.0,1.0,6
5400.0,36.0,9.33,172.55,1.0,42000.0,16.09,705.0,709.0,0.0,0.0,669.0,665.0,74.0,494.49,0.0,14.0,218.67748508115966,0.0,0.0,1.0,0.0,1.0,0.0,1.0,0.0,0.0,0.0,0.0,0.0,0.0,0.0,0.0,0.0,0.0,0.0,1.0,1.0,1.0,8
18500.0,36.0,10.91,604.88,3.0,36000.0,4.67,695.0,699.0,0.0,0.0,714.0,710.0,47.0,1979.98,0.0,14.0,875.6032415438016,0.0,0.0,0.0,1.0,1.0,0.0,0.0,0.0,0.0,0.0,0.0,0.0,0.0,0.0,0.0,1.0,0.0,0.0,1.0,1.0,1.0,13
9000.0,36.0,9.96,290.24,8.0,38000.0,3.38,695.0,699.0,0.0,0.0,589.0,585.0,59.0,1448.73,0.0,37.0,273.1702511095938,0.0,0.0,0.0,1.0,1.0,0.0,0.0,0.0,0.0,0.0,0.0,0.0,0.0,0.0,0.0,0.0,0.0,1.0,1.0,1.0,1.0,10
5000.0,36.0,8.7,158.31,2.0,24000.0,6.15,720.0,724.0,0.0,0.0,699.0,695.0,45.0,681.9,0.0,31.0,152.68290593178492,1.0,0.0,0.0,0.0,1.0,0.0,0.0,0.0,0.0,0.0,0.0,0.0,0.0,0.0,1.0,0.0,0.0,0.0,1.0,1.0,1.0,6
12000.0,36.0,10.59,390.54,1.0,30000.0,19.84,700.0,704.0,0.0,0.0,764.0,760.0,68.0,2059.39,0.0,36.0,398.8793667753312,1.0,0.0,0.0,0.0,1.0,0.0,0.0,1.0,0.0,0.0,0.0,0.0,0.0,0.0,0.0,0.0,0.0,0.0,1.0,1.0,1.0,12
9000.0,36.0,12.49,301.04,9.0,52000.0,4.98,660.0,664.0,44.0,0.0,619.0,615.0,218.0,1042.83,0.0,13.0,485.8301105434243,1.0,0.0,0.0,0.0,1.0,0.0,1.0,0.0,0.0,0.0,0.0,0.0,0.0,0.0,0.0,0.0,0.0,0.0,1.0,1.0,1.0,18
7000.0,36.0,7.43,217.52,1.0,43000.0,1.65,775.0,779.0,0.0,0.0,784.0,780.0,95.0,830.67,0.0,36.0,160.89090633598502,0.0,0.0,0.0,1.0,1.0,0.0,0.0,0.0,0.0,0.0,0.0,0.0,0.0,0.0,0.0,1.0,0.0,0.0,1.0,1.0,1.0,2
12000.0,36.0,10.28,388.79,2.0,97000.0,5.58,695.0,699.0,74.0,0.0,719.0,715.0,158.0,1996.26,0.0,36.0,386.65183608686186,1.0,0.0,0.0,0.0,1.0,0.0,0.0,0.0,0.0,1.0,0.0,0.0,0.0,0.0,0.0,0.0,0.0,0.0,1.0,1.0,1.0,11
5000.0,36.0,8.7,158.31,10.0,48000.0,0.38,715.0,719.0,17.0,0.0,629.0,625.0,425.0,698.81,0.0,36.0,135.351191516065,0.0,0.0,0.0,1.0,1.0,0.0,0.0,0.0,0.0,0.0,0.0,1.0,0.0,0.0,0.0,0.0,0.0,0.0,1.0,1.0,1.0,6
3200.0,36.0,10.28,103.68,10.0,75000.0,9.7,680.0,684.0,19.0,0.0,504.0,500.0,420.0,501.25,0.0,28.0,123.63954490216031,0.0,0.0,0.0,1.0,1.0,0.0,1.0,0.0,0.0,0.0,0.0,0.0,0.0,0.0,0.0,0.0,0.0,0.0,1.0,1.0,1.0,11
4800.0,36.0,9.64,154.08,6.0,60000.0,12.94,695.0,699.0,60.0,0.0,709.0,705.0,98.0,680.65,0.0,26.0,179.92201679681835,1.0,0.0,0.0,0.0,1.0,0.0,0.0,0.0,0.0,1.0,0.0,0.0,0.0,0.0,0.0,0.0,0.0,0.0,1.0,1.0,1.0,9
20000.0,36.0,10.59,650.9,1.0,108000.0,11.96,705.0,709.0,0.0,0.0,659.0,655.0,167.0,3067.27,0.0,25.0,840.6285201232997,1.0,0.0,0.0,0.0,1.0,0.0,0.0,1.0,0.0,0.0,0.0,0.0,0.0,0.0,0.0,0.0,0.0,0.0,1.0,1.0,1.0,12
2400.0,36.0,13.75,81.74,7.0,47000.0,24.08,665.0,669.0,61.0,0.0,729.0,725.0,93.0,542.43,0.0,36.0,105.06224412080414,0.0,0.0,0.0,1.0,1.0,0.0,0.0,0.0,0.0,0.0,0.0,0.0,0.0,0.0,1.0,0.0,0.0,0.0,1.0,1.0,1.0,22
7500.0,36.0,9.01,238.54,1.0,19440.0,10.37,710.0,714.0,0.0,0.0,714.0,710.0,41.0,1087.16,0.0,36.0,210.56997090569007,0.0,0.0,0.0,1.0,1.0,0.0,0.0,0.0,0.0,0.0,0.0,0.0,0.0,0.0,1.0,0.0,0.0,0.0,1.0,1.0,1.0,7
10000.0,36.0,12.8,335.98,2.0,58800.0,7.51,660.0,664.0,59.0,47.0,649.0,645.0,135.0,2060.07,0.0,32.0,447.3929350453166,0.0,0.0,0.0,1.0,1.0,0.0,0.0,1.0,0.0,0.0,0.0,0.0,0.0,0.0,0.0,0.0,0.0,0.0,1.0,1.0,1.0,19
3000.0,36.0,9.33,95.87,4.0,36600.0,2.69,695.0,699.0,0.0,0.0,769.0,765.0,154.0,450.93,0.0,36.0,87.33978161494429,0.0,0.0,0.0,1.0,1.0,0.0,0.0,0.0,0.0,0.0,0.0,0.0,0.0,0.0,1.0,0.0,0.0,0.0,1.0,1.0,1.0,8
2975.0,36.0,9.96,95.94,1.0,25000.0,14.16,690.0,694.0,0.0,0.0,739.0,735.0,63.0,478.8,0.0,36.0,92.73786937492584,0.0,0.0,0.0,1.0,1.0,0.0,0.0,1.0,0.0,0.0,0.0,0.0,0.0,0.0,0.0,0.0,0.0,0.0,1.0,1.0,1.0,10
16500.0,36.0,12.8,554.37,1.0,62000.0,19.22,675.0,679.0,0.0,0.0,774.0,770.0,101.0,3076.92,0.0,27.0,785.2952642599629,0.0,0.0,0.0,1.0,1.0,0.0,0.0,1.0,0.0,0.0,0.0,0.0,0.0,0.0,0.0,0.0,0.0,0.0,1.0,1.0,1.0,19
15000.0,36.0,8.38,472.68,2.0,77000.0,7.96,770.0,774.0,0.0,0.0,784.0,780.0,195.0,2016.46,0.0,36.0,390.5643360061884,0.0,0.0,0.0,1.0,1.0,0.0,0.0,0.0,0.0,0.0,0.0,1.0,0.0,0.0,0.0,0.0,0.0,0.0,1.0,1.0,1.0,5
17950.0,36.0,10.91,586.9,3.0,75000.0,10.34,695.0,699.0,0.0,0.0,764.0,760.0,88.0,1810.82,0.0,13.0,843.6186921878389,0.0,0.0,0.0,1.0,1.0,0.0,1.0,0.0,0.0,0.0,0.0,0.0,0.0,0.0,0.0,0.0,0.0,0.0,1.0,1.0,1.0,13
15000.0,36.0,9.64,224.69,1.0,19500.0,21.23,770.0,774.0,0.0,0.0,754.0,750.0,194.0,930.94,0.0,23.0,275.1540386594355,1.0,0.0,0.0,0.0,1.0,0.0,0.0,0.0,0.0,0.0,0.0,1.0,0.0,0.0,0.0,0.0,0.0,0.0,1.0,1.0,1.0,9
12000.0,36.0,12.17,399.55,1.0,24000.0,14.5,670.0,674.0,0.0,0.0,684.0,680.0,64.0,2173.37,0.0,26.0,574.50541929876,0.0,0.0,0.0,1.0,1.0,0.0,0.0,1.0,0.0,0.0,0.0,0.0,0.0,0.0,0.0,0.0,0.0,0.0,1.0,1.0,1.0,17
7000.0,36.0,11.86,232.04,4.0,50400.0,17.02,670.0,674.0,0.0,0.0,684.0,680.0,144.0,1353.0999999999997,0.0,36.0,262.0793881604264,0.0,0.0,0.0,1.0,1.0,0.0,0.0,1.0,0.0,0.0,0.0,0.0,0.0,0.0,0.0,0.0,0.0,0.0,1.0,1.0,1.0,16
9325.0,36.0,10.91,304.9,10.0,70522.26,18.96,690.0,694.0,19.0,0.0,674.0,670.0,179.0,1651.03,0.0,36.0,319.7848882081952,0.0,0.0,0.0,1.0,1.0,0.0,0.0,1.0,0.0,0.0,0.0,0.0,0.0,0.0,0.0,0.0,0.0,0.0,1.0,1.0,1.0,13
25000.0,36.0,12.49,836.23,10.0,78862.0,7.99,690.0,694.0,6.0,0.0,499.0,0.0,156.0,5103.88,0.0,36.0,988.560895458013,1.0,0.0,0.0,0.0,1.0,0.0,0.0,0.0,0.0,0.0,0.0,0.0,0.0,0.0,0.0,1.0,0.0,0.0,1.0,1.0,1.0,18
4000.0,36.0,7.75,124.89,2.0,24000.0,6.0,750.0,754.0,55.0,0.0,799.0,795.0,90.0,444.33,0.0,25.0,121.77489113980376,0.0,0.0,0.0,1.0,1.0,0.0,0.0,0.0,0.0,0.0,0.0,0.0,0.0,0.0,1.0,0.0,0.0,0.0,1.0,1.0,1.0,3
3500.0,36.0,10.28,113.4,1.0,48000.0,17.65,685.0,689.0,43.0,0.0,724.0,720.0,68.0,582.24,0.0,36.0,112.77296797171432,1.0,0.0,0.0,0.0,1.0,0.0,0.0,0.0,0.0,0.0,0.0,0.0,0.0,0.0,1.0,0.0,0.0,0.0,1.0,1.0,1.0,11
24625.0,36.0,14.07,842.47,8.0,120000.0,12.81,675.0,679.0,73.0,0.0,729.0,725.0,176.0,5703.55,0.0,36.0,1104.7098472710077,1.0,0.0,0.0,0.0,1.0,0.0,1.0,0.0,0.0,0.0,0.0,0.0,0.0,0.0,0.0,0.0,0.0,0.0,1.0,1.0,1.0,23
22550.0,36.0,15.96,421.65,4.0,34992.0,20.82,665.0,669.0,18.0,0.0,684.0,680.0,222.0,3179.28,0.0,36.0,615.788749679019,1.0,0.0,0.0,0.0,1.0,0.0,0.0,1.0,0.0,0.0,0.0,0.0,0.0,0.0,0.0,0.0,0.0,0.0,1.0,1.0,1.0,29
18000.0,36.0,9.33,575.17,1.0,60000.0,9.96,730.0,734.0,0.0,0.0,584.0,580.0,90.0,2705.86,0.0,36.0,524.0929223618148,0.0,0.0,0.0,1.0,1.0,0.0,0.0,0.0,1.0,0.0,0.0,0.0,0.0,0.0,0.0,0.0,0.0,0.0,1.0,1.0,1.0,8
12000.0,36.0,13.12,405.03,1.0,105000.0,18.25,665.0,669.0,34.0,0.0,664.0,660.0,143.0,2580.7,0.0,36.0,499.850917911176,0.0,0.0,0.0,1.0,1.0,0.0,0.0,0.0,0.0,0.0,0.0,0.0,0.0,0.0,0.0,0.0,0.0,1.0,1.0,1.0,1.0,20
5000.0,36.0,12.8,167.99,6.0,25480.0,18.65,660.0,664.0,11.0,0.0,674.0,670.0,46.0,914.5,0.0,24.0,260.13215036913164,0.0,0.0,0.0,1.0,1.0,0.0,0.0,1.0,0.0,0.0,0.0,0.0,0.0,0.0,0.0,0.0,0.0,0.0,1.0,1.0,1.0,19
21000.0,36.0,9.96,677.22,2.0,54099.0,3.77,720.0,724.0,73.0,0.0,664.0,660.0,202.0,3379.79,0.0,36.0,654.6251535812042,1.0,0.0,0.0,0.0,1.0,0.0,0.0,1.0,0.0,0.0,0.0,0.0,0.0,0.0,0.0,0.0,0.0,0.0,1.0,1.0,1.0,10
4000.0,36.0,11.54,131.99,1.0,50952.0,9.14,665.0,669.0,30.0,0.0,759.0,755.0,131.0,747.5299999999997,0.0,35.0,148.82754509733917,0.0,0.0,0.0,1.0,1.0,0.0,0.0,0.0,0.0,0.0,0.0,0.0,0.0,0.0,1.0,0.0,0.0,0.0,1.0,1.0,1.0,15
8800.0,36.0,9.33,281.2,1.0,25000.0,0.0,710.0,714.0,4.0,0.0,744.0,740.0,111.0,1316.52,0.0,35.0,262.1091323044546,0.0,0.0,1.0,0.0,1.0,0.0,0.0,1.0,0.0,0.0,0.0,0.0,0.0,0.0,0.0,0.0,0.0,0.0,1.0,1.0,1.0,8
25000.0,36.0,9.64,802.47,2.0,48000.0,9.78,740.0,744.0,0.0,0.0,719.0,715.0,84.0,1630.21,0.0,9.0,951.2922161640001,0.0,0.0,0.0,1.0,1.0,0.0,0.0,1.0,0.0,0.0,0.0,0.0,0.0,0.0,0.0,0.0,0.0,0.0,1.0,1.0,1.0,9
15450.0,36.0,10.91,505.16,3.0,111000.0,10.86,685.0,689.0,0.0,0.0,724.0,720.0,113.0,2735.55,0.0,36.0,529.8435224907654,0.0,0.0,0.0,1.0,1.0,0.0,1.0,0.0,0.0,0.0,0.0,0.0,0.0,0.0,0.0,0.0,0.0,0.0,1.0,1.0,1.0,13
5800.0,36.0,7.43,180.23,1.0,41300.0,2.32,770.0,774.0,0.0,0.0,769.0,765.0,86.0,613.83,0.0,28.0,151.40880169036032,0.0,0.0,0.0,1.0,1.0,0.0,0.0,0.0,0.0,1.0,0.0,0.0,0.0,0.0,0.0,0.0,0.0,0.0,1.0,1.0,1.0,2
1000.0,36.0,9.64,32.1,1.0,5000.0,18.0,700.0,704.0,0.0,0.0,614.0,610.0,40.0,155.65,0.0,37.0,29.34911928738156,0.0,0.0,0.0,1.0,1.0,0.0,0.0,1.0,0.0,0.0,0.0,0.0,0.0,0.0,0.0,0.0,0.0,0.0,1.0,1.0,1.0,9
6000.0,36.0,9.64,192.6,1.0,18000.0,2.87,695.0,699.0,0.0,0.0,749.0,745.0,40.0,933.1999999999998,0.0,36.0,180.74974874828905,0.0,0.0,0.0,1.0,1.0,0.0,0.0,1.0,0.0,0.0,0.0,0.0,0.0,0.0,0.0,0.0,0.0,0.0,1.0,1.0,1.0,9
12000.0,36.0,9.01,381.66,6.0,100671.39,6.64,720.0,724.0,62.0,115.0,774.0,770.0,338.0,347.22,0.0,5.0,261.2031503540191,1.0,0.0,0.0,0.0,1.0,0.0,1.0,0.0,0.0,0.0,0.0,0.0,0.0,0.0,0.0,0.0,0.0,0.0,1.0,1.0,1.0,7
20000.0,36.0,14.38,687.25,6.0,83000.0,16.05,665.0,669.0,0.0,0.0,689.0,685.0,72.0,4740.98,0.0,36.0,918.2714785905094,0.0,0.0,0.0,1.0,1.0,0.0,1.0,0.0,0.0,0.0,0.0,0.0,0.0,0.0,0.0,0.0,0.0,0.0,1.0,1.0,1.0,24
10000.0,36.0,9.64,320.99,1.0,67000.0,3.6,710.0,714.0,15.0,0.0,739.0,735.0,94.0,1555.4,0.0,36.0,301.2624937881364,0.0,0.0,0.0,1.0,1.0,0.0,0.0,1.0,0.0,0.0,0.0,0.0,0.0,0.0,0.0,0.0,0.0,0.0,1.0,1.0,1.0,9
8000.0,36.0,8.07,250.95,3.0,54000.0,10.44,765.0,769.0,0.0,0.0,774.0,770.0,113.0,110.6,0.0,4.0,89.07653061224488,0.0,0.0,0.0,1.0,1.0,0.0,1.0,0.0,0.0,0.0,0.0,0.0,0.0,0.0,0.0,0.0,0.0,0.0,1.0,1.0,1.0,4
2800.0,36.0,7.43,87.01,1.0,29376.0,3.96,765.0,769.0,0.0,0.0,789.0,785.0,129.0,112.21,0.0,8.0,69.5772122478729,0.0,0.0,0.0,1.0,1.0,0.0,0.0,0.0,0.0,0.0,0.0,0.0,0.0,1.0,0.0,0.0,0.0,0.0,1.0,1.0,1.0,2
7500.0,36.0,10.59,244.09,1.0,39975.0,12.1,685.0,689.0,19.0,0.0,764.0,760.0,132.0,1302.18,0.0,37.0,245.53701351521048,0.0,0.0,0.0,1.0,1.0,0.0,1.0,0.0,0.0,0.0,0.0,0.0,0.0,0.0,0.0,0.0,0.0,0.0,1.0,1.0,1.0,12
3175.0,36.0,11.54,104.76,1.0,15000.0,12.24,670.0,674.0,0.0,0.0,649.0,645.0,42.0,-2546.4400000000005,1.0,7.0,-1680.8625767931974,0.0,0.0,1.0,0.0,1.0,0.0,0.0,0.0,0.0,0.0,0.0,0.0,0.0,0.0,0.0,1.0,0.0,0.0,1.0,1.0,1.0,15
15450.0,36.0,11.22,507.46,2.0,40000.0,13.5,710.0,714.0,54.0,111.0,594.0,590.0,177.0,-3800.24,1.0,26.0,-1004.5498348812764,1.0,0.0,0.0,0.0,1.0,0.0,0.0,1.0,0.0,0.0,0.0,0.0,0.0,0.0,0.0,0.0,0.0,0.0,1.0,1.0,1.0,14
2500.0,36.0,12.8,84.0,1.0,32000.0,20.0,680.0,684.0,0.0,0.0,599.0,595.0,181.0,-281.39000000000004,1.0,31.0,-63.00548892820788,1.0,0.0,0.0,0.0,1.0,0.0,0.0,0.0,0.0,1.0,0.0,0.0,0.0,0.0,0.0,0.0,0.0,0.0,1.0,1.0,1.0,19
2500.0,36.0,9.64,80.26,1.0,75000.0,20.0,770.0,774.0,0.0,0.0,639.0,635.0,162.0,-414.69000000000005,1.0,31.0,-92.85243329058787,1.0,0.0,0.0,0.0,1.0,0.0,0.0,0.0,0.0,1.0,0.0,0.0,0.0,0.0,0.0,0.0,0.0,0.0,1.0,1.0,1.0,9
6500.0,36.0,15.01,225.37,9.0,213000.0,6.45,675.0,679.0,0.0,0.0,704.0,700.0,205.0,-2443.3299999999995,1.0,18.0,-890.9233701199402,1.0,0.0,0.0,0.0,1.0,0.0,0.0,0.0,0.0,0.0,0.0,0.0,0.0,0.0,0.0,1.0,0.0,0.0,1.0,1.0,1.0,26
1000.0,36.0,10.59,32.55,2.0,33990.0,14.47,685.0,689.0,0.0,0.0,749.0,745.0,37.0,-296.25000000000006,1.0,21.0,-94.87158281882057,1.0,0.0,0.0,0.0,1.0,0.0,0.0,0.0,0.0,0.0,0.0,0.0,0.0,0.0,0.0,0.0,0.0,1.0,1.0,1.0,1.0,12
20000.0,36.0,13.43,678.08,6.0,145000.0,10.15,680.0,684.0,11.87295081967213,4.016460905349795,724.0,720.0,139.0,341.45999999999987,1.0,30.0,78.89252888094043,1.0,0.0,0.0,0.0,1.0,0.0,1.0,0.0,0.0,0.0,0.0,0.0,0.0,0.0,0.0,0.0,0.0,0.0,1.0,1.0,1.0,21
20000.0,36.0,9.64,642.02,1.0,96000.0,2.86,735.0,739.0,0.0,0.0,674.0,670.0,73.0,-7159.6900000000005,1.0,20.0,-2391.0691396043876,0.0,0.0,0.0,1.0,1.0,0.0,0.0,0.0,0.0,0.0,0.0,0.0,0.0,0.0,0.0,1.0,0.0,0.0,1.0,1.0,1.0,9
8000.0,36.0,12.17,266.37,9.0,70000.0,10.2,670.0,674.0,22.0,0.0,634.0,630.0,119.0,-706.3600000000001,1.0,27.0,-180.27805820842502,1.0,0.0,0.0,0.0,1.0,0.0,1.0,0.0,0.0,0.0,0.0,0.0,0.0,0.0,0.0,0.0,0.0,0.0,1.0,1.0,1.0,17
2125.0,36.0,15.01,73.68,1.0,96000.0,16.89,700.0,704.0,46.0,0.0,654.0,650.0,134.0,11.038838457440761,1.0,18.0,4.0251456662475915,1.0,0.0,0.0,0.0,1.0,0.0,0.0,0.0,0.0,0.0,0.0,0.0,0.0,0.0,0.0,1.0,0.0,0.0,1.0,1.0,1.0,26
20000.0,36.0,13.12,162.01,8.0,85000.0,16.87,705.0,709.0,0.0,0.0,594.0,590.0,298.0,-3200.4222,1.0,10.0,-1760.7416502584779,1.0,0.0,0.0,0.0,1.0,0.0,0.0,1.0,0.0,0.0,0.0,0.0,0.0,0.0,0.0,0.0,0.0,0.0,1.0,1.0,1.0,20
2225.0,36.0,10.59,72.42,2.0,60000.0,8.14,705.0,709.0,0.0,0.0,689.0,685.0,158.0,-1705.78,1.0,7.0,-1125.9569305549314,0.0,0.0,0.0,1.0,1.0,0.0,0.0,0.0,0.0,0.0,0.0,0.0,0.0,1.0,0.0,0.0,0.0,0.0,1.0,1.0,1.0,12
4000.0,36.0,9.96,32.25,1.0,35000.0,5.83,685.0,689.0,0.0,0.0,594.0,590.0,71.0,-129.25000000000003,1.0,27.0,-32.98734218166224,0.0,0.0,0.0,1.0,1.0,0.0,0.0,0.0,0.0,0.0,0.0,0.0,0.0,0.0,1.0,0.0,0.0,0.0,1.0,1.0,1.0,10
12000.0,36.0,10.91,163.49,1.0,39000.0,11.78,705.0,709.0,62.0,76.0,524.0,520.0,161.0,-209.79000000000008,1.0,29.0,-50.05949956148122,1.0,0.0,0.0,0.0,1.0,0.0,0.0,0.0,0.0,0.0,0.0,0.0,0.0,0.0,1.0,0.0,0.0,0.0,1.0,1.0,1.0,13
3000.0,36.0,12.49,100.35,1.0,29120.0,12.77,660.0,664.0,14.0,0.0,704.0,700.0,37.0,207.97406067601707,1.0,26.0,54.97555636267223,0.0,0.0,0.0,1.0,1.0,0.0,0.0,0.0,1.0,0.0,0.0,0.0,0.0,0.0,0.0,0.0,0.0,0.0,1.0,1.0,1.0,18
2100.0,36.0,12.49,70.25,1.0,12500.0,14.4,660.0,664.0,0.0,0.0,499.0,0.0,49.0,-399.33000000000004,1.0,8.0,-247.6095550035031,0.0,0.0,0.0,1.0,1.0,0.0,0.0,1.0,0.0,0.0,0.0,0.0,0.0,0.0,0.0,0.0,0.0,0.0,1.0,1.0,1.0,18
5000.0,36.0,12.17,166.48,1.0,10000.0,0.0,660.0,664.0,15.0,0.0,549.0,545.0,74.0,-2524.45,1.0,21.0,-808.4339822682584,0.0,0.0,0.0,1.0,1.0,0.0,0.0,0.0,0.0,0.0,0.0,0.0,0.0,0.0,0.0,1.0,0.0,0.0,1.0,1.0,1.0,17
4650.0,36.0,10.28,150.66,10.0,45600.0,3.26,685.0,689.0,22.0,0.0,659.0,655.0,215.0,-700.7099999999997,1.0,24.0,-199.31897111553218,1.0,0.0,0.0,0.0,1.0,0.0,0.0,0.0,0.0,0.0,0.0,0.0,0.0,0.0,1.0,0.0,0.0,0.0,1.0,1.0,1.0,11
9000.0,36.0,12.49,301.04,8.0,39000.0,5.08,665.0,669.0,60.0,117.0,564.0,560.0,122.0,-5652.24,1.0,7.0,-3730.9493610898267,1.0,0.0,0.0,0.0,1.0,0.0,0.0,1.0,0.0,0.0,0.0,0.0,0.0,0.0,0.0,0.0,0.0,0.0,1.0,1.0,1.0,18
7725.0,36.0,13.75,263.09,1.0,62200.0,9.8,675.0,679.0,0.0,0.0,684.0,680.0,102.0,-1588.4399999999998,1.0,26.0,-419.88588608056705,0.0,0.0,0.0,1.0,1.0,0.0,0.0,1.0,0.0,0.0,0.0,0.0,0.0,0.0,0.0,0.0,0.0,0.0,1.0,1.0,1.0,22
900.0,36.0,10.28,29.16,3.0,12000.0,16.7,685.0,689.0,0.0,0.0,509.0,505.0,68.0,73.27,1.0,42.0,12.192829751727182,0.0,0.0,0.0,1.0,1.0,0.0,0.0,0.0,1.0,0.0,0.0,0.0,0.0,0.0,0.0,0.0,0.0,0.0,1.0,1.0,1.0,11
25000.0,36.0,9.01,795.11,10.0,616000.0,3.83,780.0,784.0,0.0,0.0,664.0,660.0,120.0,-14638.569999999998,1.0,13.0,-6819.767441766785,1.0,0.0,0.0,0.0,1.0,0.0,0.0,0.0,0.0,0.0,0.0,0.0,0.0,0.0,0.0,1.0,0.0,0.0,1.0,1.0,1.0,7
6800.0,36.0,11.22,223.34,10.0,51000.0,18.68,680.0,684.0,0.0,0.0,654.0,650.0,62.0,-4789.94,1.0,9.0,-2795.120038456757,0.0,0.0,0.0,1.0,1.0,0.0,0.0,1.0,0.0,0.0,0.0,0.0,0.0,0.0,0.0,0.0,0.0,0.0,1.0,1.0,1.0,14
10000.0,36.0,9.01,318.05,1.0,275000.0,2.97,710.0,714.0,28.0,0.0,549.0,545.0,162.0,-5565.96,1.0,20.0,-1858.8228244899476,1.0,0.0,0.0,0.0,1.0,0.0,0.0,0.0,0.0,1.0,0.0,0.0,0.0,0.0,0.0,0.0,0.0,0.0,1.0,1.0,1.0,7
15450.0,36.0,10.91,505.16,7.0,120000.0,16.97,695.0,699.0,0.0,0.0,584.0,580.0,318.0,-3157.7373999995,1.0,49.0,-450.8688133760003,0.0,0.0,0.0,1.0,1.0,0.0,0.0,1.0,0.0,0.0,0.0,0.0,0.0,0.0,0.0,0.0,0.0,0.0,1.0,1.0,1.0,13
8275.0,36.0,10.59,269.31,4.0,109000.0,24.01,765.0,769.0,60.0,0.0,679.0,675.0,154.0,-196.82579999889956,1.0,30.0,-45.475561151898916,1.0,0.0,0.0,0.0,1.0,0.0,0.0,0.0,0.0,0.0,0.0,0.0,0.0,0.0,1.0,0.0,0.0,0.0,1.0,1.0,1.0,12
25000.0,36.0,12.8,839.95,2.0,75000.0,24.85,720.0,724.0,0.0,0.0,809.0,805.0,209.0,-15764.460000000001,1.0,11.0,-8191.2852251104405,1.0,0.0,0.0,0.0,1.0,0.0,0.0,1.0,0.0,0.0,0.0,0.0,0.0,0.0,0.0,0.0,0.0,0.0,1.0,1.0,1.0,19
16000.0,36.0,11.54,527.93,4.0,44400.0,12.16,680.0,684.0,6.0,0.0,664.0,660.0,71.0,-7127.110000000001,1.0,16.0,-2853.41736364863,0.0,0.0,0.0,1.0,1.0,0.0,0.0,1.0,0.0,0.0,0.0,0.0,0.0,0.0,0.0,0.0,0.0,0.0,1.0,1.0,1.0,15
5000.0,36.0,11.86,165.74,6.0,40000.0,7.02,665.0,669.0,15.0,0.0,499.0,0.0,92.0,-2214.4399999999996,1.0,16.0,-886.5755610279721,0.0,0.0,1.0,0.0,1.0,0.0,0.0,1.0,0.0,0.0,0.0,0.0,0.0,0.0,0.0,0.0,0.0,0.0,1.0,1.0,1.0,16
4900.0,36.0,10.28,158.76,10.0,44000.0,15.3,690.0,694.0,7.0,0.0,654.0,650.0,146.0,-3312.4,1.0,10.0,-1822.3472647815595,0.0,0.0,0.0,1.0,1.0,0.0,0.0,0.0,0.0,0.0,0.0,0.0,0.0,0.0,1.0,0.0,0.0,0.0,1.0,1.0,1.0,11
10000.0,36.0,9.96,322.49,1.0,72500.0,10.28,700.0,704.0,80.0,0.0,574.0,570.0,162.0,-5485.14,1.0,14.0,-2425.6842818218206,0.0,0.0,0.0,1.0,1.0,0.0,0.0,0.0,0.0,0.0,0.0,0.0,0.0,0.0,1.0,0.0,0.0,0.0,1.0,1.0,1.0,10
3975.0,36.0,12.17,132.35,10.0,27000.0,23.2,700.0,704.0,25.0,0.0,544.0,540.0,174.0,-1466.1699999999998,1.0,20.0,-489.646037805235,0.0,0.0,0.0,1.0,1.0,0.0,0.0,1.0,0.0,0.0,0.0,0.0,0.0,0.0,0.0,0.0,0.0,0.0,1.0,1.0,1.0,17
16000.0,36.0,11.86,530.36,1.0,86400.0,15.1,680.0,684.0,46.0,0.0,554.0,550.0,129.0,-8109.85,1.0,14.0,-3586.4053921928507,0.0,0.0,1.0,0.0,1.0,0.0,0.0,0.0,0.0,0.0,0.0,1.0,0.0,0.0,0.0,0.0,0.0,0.0,1.0,1.0,1.0,16
20000.0,36.0,11.54,659.91,1.0,96000.0,17.81,705.0,709.0,0.0,0.0,654.0,650.0,120.0,-5208.549999999999,1.0,15.0,-2189.9313459030095,1.0,0.0,0.0,0.0,1.0,0.0,0.0,0.0,0.0,0.0,0.0,0.0,0.0,0.0,0.0,1.0,0.0,0.0,1.0,1.0,1.0,15
9600.0,36.0,12.17,319.64,4.0,60000.0,19.28,670.0,674.0,41.0,70.0,649.0,645.0,156.0,-1289.64,1.0,28.0,-318.1057410226875,0.0,0.0,0.0,1.0,1.0,0.0,0.0,1.0,0.0,0.0,0.0,0.0,0.0,0.0,0.0,0.0,0.0,0.0,1.0,1.0,1.0,17
2800.0,36.0,12.17,93.23,7.0,45000.0,19.19,690.0,694.0,8.0,0.0,654.0,650.0,146.0,-1867.7,1.0,10.0,-1027.5322987660059,1.0,0.0,0.0,0.0,1.0,0.0,0.0,0.0,0.0,0.0,0.0,0.0,0.0,0.0,0.0,0.0,0.0,1.0,1.0,1.0,1.0,17
25000.0,36.0,14.38,859.07,1.0,80000.0,20.79,680.0,684.0,39.0,0.0,499.0,0.0,101.0,-12236.81,1.0,14.0,-5411.464005775616,1.0,0.0,0.0,0.0,1.0,0.0,0.0,0.0,0.0,0.0,0.0,0.0,0.0,0.0,0.0,1.0,0.0,0.0,1.0,1.0,1.0,24
14400.0,36.0,12.8,483.81,1.0,36120.0,8.47,660.0,664.0,0.0,0.0,619.0,615.0,88.0,-9018.708999999999,1.0,22.0,-2772.9862833712555,0.0,0.0,0.0,1.0,1.0,0.0,0.0,1.0,0.0,0.0,0.0,0.0,0.0,0.0,0.0,0.0,0.0,0.0,1.0,1.0,1.0,19
25000.0,36.0,10.91,817.41,10.0,73000.0,22.13,735.0,739.0,27.0,0.0,824.0,820.0,326.0,-11349.62,1.0,15.0,-4771.940098892727,1.0,0.0,0.0,0.0,1.0,0.0,0.0,1.0,0.0,0.0,0.0,0.0,0.0,0.0,0.0,0.0,0.0,0.0,1.0,1.0,1.0,13
25000.0,36.0,9.33,798.84,1.0,100000.0,1.57,760.0,764.0,28.0,0.0,704.0,700.0,209.0,-12017.4,1.0,18.0,-4381.963348413588,0.0,0.0,0.0,1.0,1.0,0.0,0.0,0.0,0.0,0.0,0.0,0.0,0.0,0.0,0.0,1.0,0.0,0.0,1.0,1.0,1.0,8
10000.0,36.0,9.33,319.54,1.0,36500.0,19.46,725.0,729.0,69.0,0.0,504.0,500.0,147.0,-7394.219999999999,1.0,7.0,-4880.801307934132,1.0,0.0,0.0,0.0,1.0,0.0,0.0,0.0,0.0,0.0,0.0,0.0,0.0,1.0,0.0,0.0,0.0,0.0,1.0,1.0,1.0,8
22350.0,36.0,14.07,764.64,1.0,135000.0,3.66,670.0,674.0,4.0,0.0,699.0,695.0,190.0,-8036.650000000001,1.0,19.0,-2802.589430992374,0.0,0.0,1.0,0.0,1.0,0.0,0.0,0.0,0.0,1.0,0.0,0.0,0.0,0.0,0.0,0.0,0.0,0.0,1.0,1.0,1.0,23
9000.0,36.0,12.49,301.04,3.0,60000.0,4.64,660.0,664.0,3.0,0.0,759.0,755.0,73.0,432.78000000000156,1.0,29.0,103.26874598511809,0.0,0.0,0.0,1.0,1.0,0.0,0.0,1.0,0.0,0.0,0.0,0.0,0.0,0.0,0.0,0.0,0.0,0.0,1.0,1.0,1.0,18
25000.0,36.0,14.7,862.97,1.0,87000.0,5.79,675.0,679.0,47.0,0.0,499.0,0.0,156.0,-16354.05,1.0,10.0,-8997.3307226183,0.0,0.0,0.0,1.0,1.0,0.0,0.0,0.0,0.0,0.0,0.0,0.0,0.0,0.0,0.0,1.0,0.0,0.0,1.0,1.0,1.0,25
2000.0,36.0,7.75,62.45,10.0,24000.0,2.4,740.0,744.0,0.0,0.0,499.0,0.0,75.0,-888.9000000000001,1.0,18.0,-324.12395529855365,0.0,0.0,0.0,1.0,1.0,0.0,0.0,0.0,0.0,0.0,0.0,0.0,0.0,1.0,0.0,0.0,0.0,0.0,1.0,1.0,1.0,3
